{
  "$schema": "https://biomejs.dev/schemas/2.2.0/schema.json",
  "vcs": {
    "enabled": true,
    "clientKind": "git",
    "useIgnoreFile": true
  },
  "files": {
    "ignoreUnknown": true,
    "includes": ["**", "!node_modules", "!.next", "!dist", "!build"]
  },
  "formatter": {
    "enabled": true,
    "indentStyle": "space",
    "indentWidth": 2
  },
  "linter": {
    "enabled": true,
    
    "rules": {
      "suspicious":{
        "noArrayIndexKey":"off"
      },
      "recommended": true
    },
    "domains": {
      "next": "recommended",
      "react": "recommended"
    }
  },
  "assist": {
    "actions": {
      "source": {
        "organizeImports": "off"
      }
    }
  }
}
